MatchNo|Date|Time|Venue|HomeTeam|AwayTeam|Winingteam|LosingTeam|Tally|Points|Credits|Type|Team|SelectionRate
2|9/20/20|7:30:00|Dubai|DC|KXIP|DC|KXIP|2 wickets)|8|9|3|KXIP|25.46
6|9/24/20|7:30:00|Dubai|KXIP|RCB|KXIP|RCB|97 runs|22|9|3|KXIP|26.91
9|9/27/20|7:30:00|Sharjah|RR|KXIP|RR|KXIP|4 wickets|44|9|3|KXIP|19.62
13|10/1/20|7:30:00|Abu Dhabi|KXIP|MI|MI|KXIP|48 runs|55|9|3|MI|27.06
18|10/4/20|7:30:00|Dubai|KXIP|CSK|CSK|KXIP|10 wickets|44|9|3|CSK|48.37
22|10/8/20|7:30:00|Dubai|SRH|KXIP|SRH|KXIP|69 runs|116|9|3|KXIP|46.03
24|10/10/20|3:30:00|Abu Dhabi|KXIP|KKR|KKR|KXIP|2 runs|36|9|3|KKR|73.93
31|10/15/20|7:30:00|Sharjah|RCB|KXIP|KXIP|RCB|8 wickets|20|9|3|KXIP|51.04
36|10/18/20|7:30:00|Dubai|MI|KXIP|KXIP|MI|2 wickets)|42|9|3|KXIP|44.68
38|10/20/20|7:30:00|Dubai|KXIP|DC|KXIP|DC|5 wickets|77|9|3|DC|48.69
